key,key:userAccount,name,vatNumber,summary,link
company-01,user-account-company-01,companyAccount,ABC124,Standard summary,https://www.instagram.com/
company-02,user-account-company-02,a,ABC125,Standard summary,https://www.instagram.com/
company-03,user-account-01,aa,ABC126,Standard summary,https://www.instagram.com/
company-04,user-account-02,74 caracteres:Name Name Name Name Name Name Name Name Name Name Name Name!,ABC123,Standard summary,https://www.instagram.com/
company-05,user-account-03,75 caracteres:Name Name Name Name Name Name Name Name Name Name Name Name!!,ABC122,Standard summary,https://www.instagram.com/
company-06,user-account-04,companyAccount,A,Standard summary,https://www.instagram.com/
company-07,user-account-05,companyAccount,A1,Standard summary,https://www.instagram.com/
company-08,user-account-06,companyAccount,24 caracteres: VATnumber,Standard summary,https://www.instagram.com/
company-09,user-account-07,companyAccount,25 caracteres: VATnumber!,Standard summary,https://www.instagram.com/
company-10,user-account-08,companyAccount,ABC127,S,https://www.instagram.com/
company-11,user-account-09,companyAccount,ABC128,St,https://www.instagram.com/
company-12,user-account-10,companyAccount,ABC129,99 caracteres: Standard summary Standard summary Standard summary Standard summary Standard summary,https://www.instagram.com/
company-13,user-account-11,companyAccount,ABC130,100 caracteres: Standard summary Standard summary Standard summary Standard summary Standard summary,https://www.instagram.com/
company-14,user-account-12,companyAccount,ABC131,Standard summary,null